title,genre,description
AI Insights 0,Self Help,Educational and informative content
Career Guide 1,Gaming,Expert interviews and deep dives
Travel Diaries 2,Self Help,Expert interviews and deep dives
Digital Marketing Hub 3,Food,Tips and practical knowledge
Digital Marketing Hub 4,Wellness,Educational and informative content
AI Insights 5,Wellness,Latest updates and analysis
Food Lovers 6,Finance,Stories and real world experiences
Tech Talks 7,Education,Insights and discussions on latest trends
Startup Stories 8,Business,Stories and real world experiences
Career Guide 9,Finance,Educational and informative content
Food Lovers 10,Marketing,Stories and real world experiences
Movie Buffs 11,Business,Educational and informative content
Comedy Nights 12,Health,Expert interviews and deep dives
Space Explorers 13,Education,Tips and practical knowledge
Book Talks 14,True Crime,Fun and engaging conversations
Motivation Daily 15,Education,Educational and informative content
Sports Arena 16,Travel,Expert interviews and deep dives
Finance Simplified 17,Travel,Educational and informative content
Travel Diaries 18,Technology,Stories and real world experiences
Food Lovers 19,Wellness,Tips and practical knowledge
Crime Chronicles 20,Health,Tips and practical knowledge
Space Explorers 21,Business,Insights and discussions on latest trends
Movie Buffs 22,Finance,Insights and discussions on latest trends
Sports Arena 23,Food,Stories and real world experiences
Motivation Daily 24,True Crime,Guides and useful strategies
Health Matters 25,Sports,Latest updates and analysis
Startup Stories 26,Technology,Latest updates and analysis
Sports Arena 27,Gaming,Guides and useful strategies
Science Weekly 28,Marketing,Tips and practical knowledge
Science Weekly 29,Sports,Educational and informative content
Startup Stories 30,Comedy,Educational and informative content
Book Talks 31,Health,Fun and engaging conversations
History Uncovered 32,Science,Expert interviews and deep dives
Career Guide 33,Business,Educational and informative content
Space Explorers 34,Business,Latest updates and analysis
Book Talks 35,Marketing,Fun and engaging conversations
Crime Chronicles 36,Gaming,Fun and engaging conversations
Crime Chronicles 37,Science,Latest updates and analysis
Science Weekly 38,Science,Educational and informative content
Finance Simplified 39,Wellness,Latest updates and analysis
Food Lovers 40,Gaming,Latest updates and analysis
Food Lovers 41,Sports,Guides and useful strategies
Food Lovers 42,Sports,Latest updates and analysis
Food Lovers 43,Gaming,Stories and real world experiences
Tech Talks 44,Comedy,Tips and practical knowledge
Finance Simplified 45,True Crime,Educational and informative content
AI Insights 46,Health,Guides and useful strategies
Motivation Daily 47,Science,Guides and useful strategies
Mindfulness Podcast 48,True Crime,Stories and real world experiences
Sports Arena 49,Comedy,Fun and engaging conversations
Digital Marketing Hub 50,Self Help,Fun and engaging conversations
Crime Chronicles 51,Sports,Educational and informative content
Digital Marketing Hub 52,Technology,Latest updates and analysis
Book Talks 53,Food,Stories and real world experiences
Digital Marketing Hub 54,Comedy,Insights and discussions on latest trends
Food Lovers 55,Self Help,Latest updates and analysis
Gaming World 56,Health,Latest updates and analysis
Health Matters 57,Sports,Fun and engaging conversations
Career Guide 58,Health,Guides and useful strategies
Book Talks 59,Comedy,Fun and engaging conversations
Motivation Daily 60,Travel,Stories and real world experiences
Gaming World 61,Gaming,Tips and practical knowledge
Crime Chronicles 62,Wellness,Insights and discussions on latest trends
Book Talks 63,Education,Insights and discussions on latest trends
Book Talks 64,Gaming,Guides and useful strategies
Gaming World 65,Technology,Insights and discussions on latest trends
Space Explorers 66,Food,Insights and discussions on latest trends
Movie Buffs 67,Marketing,Stories and real world experiences
Gaming World 68,Travel,Expert interviews and deep dives
Food Lovers 69,Marketing,Expert interviews and deep dives
Food Lovers 70,Wellness,Latest updates and analysis
Mindfulness Podcast 71,Finance,Guides and useful strategies
Mindfulness Podcast 72,Self Help,Stories and real world experiences
Science Weekly 73,Health,Latest updates and analysis
Movie Buffs 74,Comedy,Educational and informative content
Tech Talks 75,Travel,Tips and practical knowledge
Space Explorers 76,Technology,Stories and real world experiences
Career Guide 77,Comedy,Latest updates and analysis
History Uncovered 78,Entertainment,Educational and informative content
Motivation Daily 79,Health,Educational and informative content
Food Lovers 80,Travel,Educational and informative content
Career Guide 81,Finance,Insights and discussions on latest trends
Mindfulness Podcast 82,Technology,Latest updates and analysis
Motivation Daily 83,Gaming,Educational and informative content
Motivation Daily 84,Self Help,Latest updates and analysis
Movie Buffs 85,Health,Tips and practical knowledge
Health Matters 86,Sports,Latest updates and analysis
Book Talks 87,Wellness,Fun and engaging conversations
Mindfulness Podcast 88,Comedy,Expert interviews and deep dives
Finance Simplified 89,Business,Latest updates and analysis
Motivation Daily 90,Education,Stories and real world experiences
Science Weekly 91,Technology,Stories and real world experiences
Movie Buffs 92,True Crime,Expert interviews and deep dives
Travel Diaries 93,Sports,Latest updates and analysis
Comedy Nights 94,Education,Guides and useful strategies
Comedy Nights 95,Business,Fun and engaging conversations
Startup Stories 96,Marketing,Expert interviews and deep dives
Gaming World 97,Marketing,Tips and practical knowledge
Crime Chronicles 98,Comedy,Stories and real world experiences
Science Weekly 99,Comedy,Insights and discussions on latest trends
Digital Marketing Hub 100,Education,Expert interviews and deep dives
Movie Buffs 101,Food,Educational and informative content
Gaming World 102,Business,Guides and useful strategies
Gaming World 103,Health,Fun and engaging conversations
Sports Arena 104,Self Help,Insights and discussions on latest trends
Crime Chronicles 105,Business,Tips and practical knowledge
Health Matters 106,Marketing,Insights and discussions on latest trends
Career Guide 107,History,Tips and practical knowledge
History Uncovered 108,Entertainment,Insights and discussions on latest trends
History Uncovered 109,Business,Latest updates and analysis
Food Lovers 110,Finance,Tips and practical knowledge
AI Insights 111,Sports,Educational and informative content
Startup Stories 112,Entertainment,Latest updates and analysis
Tech Talks 113,Business,Educational and informative content
Career Guide 114,Finance,Expert interviews and deep dives
Career Guide 115,Gaming,Educational and informative content
AI Insights 116,Food,Guides and useful strategies
Science Weekly 117,Health,Expert interviews and deep dives
Motivation Daily 118,Science,Guides and useful strategies
Food Lovers 119,Science,Insights and discussions on latest trends
Sports Arena 120,Business,Guides and useful strategies
Digital Marketing Hub 121,Travel,Insights and discussions on latest trends
Movie Buffs 122,Travel,Tips and practical knowledge
Crime Chronicles 123,Comedy,Guides and useful strategies
History Uncovered 124,Entertainment,Stories and real world experiences
History Uncovered 125,True Crime,Educational and informative content
Digital Marketing Hub 126,Wellness,Insights and discussions on latest trends
Book Talks 127,Marketing,Expert interviews and deep dives
Startup Stories 128,Business,Stories and real world experiences
Food Lovers 129,Sports,Stories and real world experiences
Startup Stories 130,True Crime,Guides and useful strategies
History Uncovered 131,Travel,Latest updates and analysis
Science Weekly 132,Health,Expert interviews and deep dives
Travel Diaries 133,Sports,Educational and informative content
Motivation Daily 134,Self Help,Latest updates and analysis
Tech Talks 135,Entertainment,Latest updates and analysis
Tech Talks 136,Finance,Stories and real world experiences
Crime Chronicles 137,Technology,Fun and engaging conversations
Digital Marketing Hub 138,Finance,Expert interviews and deep dives
History Uncovered 139,Technology,Expert interviews and deep dives
Digital Marketing Hub 140,Science,Expert interviews and deep dives
Digital Marketing Hub 141,Technology,Latest updates and analysis
History Uncovered 142,Health,Educational and informative content
Digital Marketing Hub 143,Finance,Fun and engaging conversations
Comedy Nights 144,Entertainment,Stories and real world experiences
Book Talks 145,Marketing,Educational and informative content
Movie Buffs 146,Food,Tips and practical knowledge
Startup Stories 147,Finance,Fun and engaging conversations
Mindfulness Podcast 148,Marketing,Latest updates and analysis
Digital Marketing Hub 149,Technology,Educational and informative content
Gaming World 150,Health,Latest updates and analysis
Tech Talks 151,Comedy,Educational and informative content
Travel Diaries 152,Wellness,Expert interviews and deep dives
Career Guide 153,Comedy,Tips and practical knowledge
Travel Diaries 154,Self Help,Tips and practical knowledge
Motivation Daily 155,Business,Guides and useful strategies
Mindfulness Podcast 156,Entertainment,Expert interviews and deep dives
AI Insights 157,Technology,Insights and discussions on latest trends
History Uncovered 158,Health,Stories and real world experiences
Food Lovers 159,Food,Stories and real world experiences
Startup Stories 160,Gaming,Educational and informative content
Tech Talks 161,History,Expert interviews and deep dives
Digital Marketing Hub 162,Sports,Latest updates and analysis
Digital Marketing Hub 163,Food,Tips and practical knowledge
Career Guide 164,Education,Latest updates and analysis
Health Matters 165,Science,Educational and informative content
Finance Simplified 166,Finance,Stories and real world experiences
Gaming World 167,Entertainment,Guides and useful strategies
Career Guide 168,Wellness,Insights and discussions on latest trends
Comedy Nights 169,Food,Fun and engaging conversations
Comedy Nights 170,History,Expert interviews and deep dives
Science Weekly 171,Food,Stories and real world experiences
Space Explorers 172,Entertainment,Insights and discussions on latest trends
Career Guide 173,Wellness,Stories and real world experiences
History Uncovered 174,Finance,Latest updates and analysis
AI Insights 175,Food,Expert interviews and deep dives
Book Talks 176,Sports,Latest updates and analysis
History Uncovered 177,History,Guides and useful strategies
Book Talks 178,Business,Tips and practical knowledge
Food Lovers 179,Health,Guides and useful strategies
Career Guide 180,Food,Tips and practical knowledge
Mindfulness Podcast 181,Self Help,Stories and real world experiences
Travel Diaries 182,Gaming,Stories and real world experiences
History Uncovered 183,History,Expert interviews and deep dives
Startup Stories 184,True Crime,Educational and informative content
Sports Arena 185,Business,Expert interviews and deep dives
Digital Marketing Hub 186,Comedy,Educational and informative content
Travel Diaries 187,Entertainment,Educational and informative content
Gaming World 188,Finance,Expert interviews and deep dives
Science Weekly 189,Marketing,Tips and practical knowledge
Finance Simplified 190,Health,Tips and practical knowledge
Career Guide 191,History,Expert interviews and deep dives
Finance Simplified 192,Sports,Latest updates and analysis
Sports Arena 193,Wellness,Guides and useful strategies
Crime Chronicles 194,Food,Educational and informative content
Book Talks 195,Marketing,Guides and useful strategies
Startup Stories 196,Entertainment,Fun and engaging conversations
Travel Diaries 197,Food,Insights and discussions on latest trends
Career Guide 198,Finance,Insights and discussions on latest trends
Travel Diaries 199,Business,Latest updates and analysis
Space Explorers 200,Wellness,Fun and engaging conversations
Sports Arena 201,Education,Stories and real world experiences
Career Guide 202,Education,Insights and discussions on latest trends
Book Talks 203,History,Insights and discussions on latest trends
Digital Marketing Hub 204,Self Help,Tips and practical knowledge
Motivation Daily 205,Business,Expert interviews and deep dives
Career Guide 206,Marketing,Guides and useful strategies
Tech Talks 207,Wellness,Fun and engaging conversations
Comedy Nights 208,Travel,Expert interviews and deep dives
Health Matters 209,Gaming,Stories and real world experiences
Book Talks 210,History,Tips and practical knowledge
Health Matters 211,Science,Tips and practical knowledge
Health Matters 212,Self Help,Stories and real world experiences
Career Guide 213,Education,Educational and informative content
Science Weekly 214,Gaming,Expert interviews and deep dives
History Uncovered 215,Gaming,Fun and engaging conversations
Startup Stories 216,Gaming,Latest updates and analysis
Tech Talks 217,Self Help,Latest updates and analysis
Sports Arena 218,Food,Expert interviews and deep dives
Sports Arena 219,Travel,Latest updates and analysis
Digital Marketing Hub 220,Wellness,Fun and engaging conversations
Finance Simplified 221,Comedy,Guides and useful strategies
Mindfulness Podcast 222,Travel,Expert interviews and deep dives
Career Guide 223,Technology,Guides and useful strategies
Book Talks 224,True Crime,Educational and informative content
Travel Diaries 225,Sports,Expert interviews and deep dives
Gaming World 226,Marketing,Insights and discussions on latest trends
Startup Stories 227,Food,Guides and useful strategies
Startup Stories 228,Technology,Latest updates and analysis
Startup Stories 229,Finance,Latest updates and analysis
Comedy Nights 230,Health,Stories and real world experiences
Space Explorers 231,Technology,Guides and useful strategies
Digital Marketing Hub 232,Science,Educational and informative content
Startup Stories 233,Science,Expert interviews and deep dives
Science Weekly 234,Self Help,Latest updates and analysis
Career Guide 235,Marketing,Stories and real world experiences
Movie Buffs 236,Gaming,Fun and engaging conversations
Startup Stories 237,Health,Latest updates and analysis
Career Guide 238,Gaming,Latest updates and analysis
Movie Buffs 239,History,Stories and real world experiences
Travel Diaries 240,Technology,Expert interviews and deep dives
Startup Stories 241,Travel,Tips and practical knowledge
Book Talks 242,Comedy,Latest updates and analysis
Career Guide 243,Gaming,Stories and real world experiences
Career Guide 244,Food,Guides and useful strategies
History Uncovered 245,Sports,Expert interviews and deep dives
Finance Simplified 246,Self Help,Educational and informative content
History Uncovered 247,Wellness,Expert interviews and deep dives
Mindfulness Podcast 248,Health,Stories and real world experiences
Gaming World 249,Business,Latest updates and analysis
Food Lovers 250,Wellness,Tips and practical knowledge
Travel Diaries 251,Finance,Guides and useful strategies
Finance Simplified 252,Sports,Insights and discussions on latest trends
Health Matters 253,Science,Fun and engaging conversations
Book Talks 254,Entertainment,Tips and practical knowledge
Space Explorers 255,Self Help,Tips and practical knowledge
Comedy Nights 256,History,Fun and engaging conversations
Comedy Nights 257,Gaming,Guides and useful strategies
Health Matters 258,Comedy,Stories and real world experiences
Startup Stories 259,Food,Stories and real world experiences
Mindfulness Podcast 260,Gaming,Stories and real world experiences
Food Lovers 261,Sports,Stories and real world experiences
Finance Simplified 262,Food,Stories and real world experiences
Book Talks 263,Technology,Fun and engaging conversations
Digital Marketing Hub 264,Education,Educational and informative content
Career Guide 265,Travel,Fun and engaging conversations
Digital Marketing Hub 266,Health,Expert interviews and deep dives
Startup Stories 267,Technology,Tips and practical knowledge
Career Guide 268,Wellness,Educational and informative content
Career Guide 269,Entertainment,Educational and informative content
Science Weekly 270,Travel,Tips and practical knowledge
Gaming World 271,Travel,Latest updates and analysis
History Uncovered 272,Education,Expert interviews and deep dives
Crime Chronicles 273,History,Insights and discussions on latest trends
Gaming World 274,Education,Tips and practical knowledge
Tech Talks 275,Comedy,Tips and practical knowledge
Motivation Daily 276,Food,Tips and practical knowledge
History Uncovered 277,Education,Expert interviews and deep dives
Startup Stories 278,Business,Expert interviews and deep dives
Book Talks 279,Food,Expert interviews and deep dives
Motivation Daily 280,True Crime,Fun and engaging conversations
Motivation Daily 281,Technology,Stories and real world experiences
Science Weekly 282,Business,Stories and real world experiences
AI Insights 283,Finance,Educational and informative content
Mindfulness Podcast 284,Health,Stories and real world experiences
History Uncovered 285,Gaming,Educational and informative content
Startup Stories 286,Technology,Latest updates and analysis
Travel Diaries 287,Finance,Stories and real world experiences
Finance Simplified 288,Wellness,Guides and useful strategies
Gaming World 289,Food,Stories and real world experiences
History Uncovered 290,Travel,Guides and useful strategies
Crime Chronicles 291,Entertainment,Expert interviews and deep dives
Mindfulness Podcast 292,Finance,Fun and engaging conversations
Tech Talks 293,Travel,Stories and real world experiences
Digital Marketing Hub 294,Travel,Latest updates and analysis
Crime Chronicles 295,Technology,Stories and real world experiences
Tech Talks 296,Self Help,Latest updates and analysis
Food Lovers 297,Wellness,Latest updates and analysis
Startup Stories 298,Health,Expert interviews and deep dives
Movie Buffs 299,Gaming,Latest updates and analysis
Startup Stories 300,Marketing,Fun and engaging conversations
Sports Arena 301,History,Tips and practical knowledge
Space Explorers 302,Comedy,Insights and discussions on latest trends
Crime Chronicles 303,Business,Guides and useful strategies
Book Talks 304,Finance,Educational and informative content
Movie Buffs 305,Business,Insights and discussions on latest trends
Science Weekly 306,Science,Latest updates and analysis
Mindfulness Podcast 307,Entertainment,Educational and informative content
Crime Chronicles 308,Science,Insights and discussions on latest trends
Travel Diaries 309,Business,Stories and real world experiences
Tech Talks 310,Business,Latest updates and analysis
Tech Talks 311,Education,Expert interviews and deep dives
Startup Stories 312,Marketing,Stories and real world experiences
History Uncovered 313,Health,Guides and useful strategies
Career Guide 314,Education,Guides and useful strategies
Career Guide 315,Finance,Stories and real world experiences
Finance Simplified 316,Finance,Expert interviews and deep dives
Career Guide 317,Marketing,Expert interviews and deep dives
Tech Talks 318,Education,Expert interviews and deep dives
Sports Arena 319,Self Help,Guides and useful strategies
AI Insights 320,Education,Insights and discussions on latest trends
Food Lovers 321,Food,Guides and useful strategies
Space Explorers 322,Food,Tips and practical knowledge
Career Guide 323,Business,Latest updates and analysis
Mindfulness Podcast 324,Food,Latest updates and analysis
Health Matters 325,Sports,Latest updates and analysis
Motivation Daily 326,Technology,Educational and informative content
Finance Simplified 327,Comedy,Tips and practical knowledge
Sports Arena 328,Gaming,Insights and discussions on latest trends
Space Explorers 329,Finance,Latest updates and analysis
Movie Buffs 330,Entertainment,Stories and real world experiences
Crime Chronicles 331,History,Expert interviews and deep dives
History Uncovered 332,True Crime,Educational and informative content
Travel Diaries 333,Sports,Latest updates and analysis
Space Explorers 334,Wellness,Stories and real world experiences
Science Weekly 335,History,Educational and informative content
Gaming World 336,Marketing,Fun and engaging conversations
Space Explorers 337,True Crime,Latest updates and analysis
Sports Arena 338,Technology,Educational and informative content
Movie Buffs 339,Health,Insights and discussions on latest trends
History Uncovered 340,Technology,Stories and real world experiences
Movie Buffs 341,Comedy,Guides and useful strategies
Travel Diaries 342,Travel,Stories and real world experiences
Motivation Daily 343,Science,Expert interviews and deep dives
Motivation Daily 344,Technology,Expert interviews and deep dives
Science Weekly 345,Marketing,Fun and engaging conversations
Science Weekly 346,True Crime,Guides and useful strategies
Book Talks 347,Entertainment,Educational and informative content
Digital Marketing Hub 348,Entertainment,Tips and practical knowledge
Career Guide 349,Food,Tips and practical knowledge
Startup Stories 350,Finance,Tips and practical knowledge
Comedy Nights 351,Business,Latest updates and analysis
Space Explorers 352,Science,Guides and useful strategies
Startup Stories 353,Travel,Guides and useful strategies
AI Insights 354,Travel,Stories and real world experiences
Space Explorers 355,Self Help,Tips and practical knowledge
Crime Chronicles 356,Finance,Stories and real world experiences
Sports Arena 357,Self Help,Latest updates and analysis
Finance Simplified 358,Gaming,Guides and useful strategies
Finance Simplified 359,Business,Educational and informative content
Career Guide 360,Entertainment,Fun and engaging conversations
Career Guide 361,Health,Fun and engaging conversations
Finance Simplified 362,Technology,Stories and real world experiences
Sports Arena 363,Science,Tips and practical knowledge
History Uncovered 364,Self Help,Guides and useful strategies
Mindfulness Podcast 365,History,Stories and real world experiences
Mindfulness Podcast 366,Health,Insights and discussions on latest trends
History Uncovered 367,Wellness,Guides and useful strategies
Crime Chronicles 368,Finance,Fun and engaging conversations
Mindfulness Podcast 369,Education,Tips and practical knowledge
Career Guide 370,Travel,Tips and practical knowledge
Gaming World 371,Marketing,Latest updates and analysis
Space Explorers 372,Health,Fun and engaging conversations
Sports Arena 373,Health,Expert interviews and deep dives
Comedy Nights 374,Sports,Expert interviews and deep dives
Startup Stories 375,Science,Stories and real world experiences
Mindfulness Podcast 376,Finance,Stories and real world experiences
Space Explorers 377,Self Help,Latest updates and analysis
Mindfulness Podcast 378,Entertainment,Tips and practical knowledge
Tech Talks 379,Business,Insights and discussions on latest trends
Food Lovers 380,Wellness,Guides and useful strategies
Health Matters 381,Entertainment,Educational and informative content
Digital Marketing Hub 382,Business,Educational and informative content
Startup Stories 383,Travel,Guides and useful strategies
Mindfulness Podcast 384,Marketing,Fun and engaging conversations
Health Matters 385,Education,Fun and engaging conversations
History Uncovered 386,Sports,Latest updates and analysis
History Uncovered 387,Comedy,Expert interviews and deep dives
Sports Arena 388,Wellness,Guides and useful strategies
Science Weekly 389,Technology,Fun and engaging conversations
Space Explorers 390,Wellness,Stories and real world experiences
Movie Buffs 391,Education,Stories and real world experiences
Career Guide 392,Food,Latest updates and analysis
Book Talks 393,Business,Latest updates and analysis
Sports Arena 394,Science,Stories and real world experiences
Gaming World 395,Finance,Tips and practical knowledge
Crime Chronicles 396,Education,Guides and useful strategies
Health Matters 397,Science,Tips and practical knowledge
Health Matters 398,Sports,Expert interviews and deep dives
History Uncovered 399,Education,Educational and informative content
Mindfulness Podcast 400,Entertainment,Guides and useful strategies
Gaming World 401,Finance,Tips and practical knowledge
Digital Marketing Hub 402,Education,Insights and discussions on latest trends
Gaming World 403,Health,Expert interviews and deep dives
Movie Buffs 404,Technology,Fun and engaging conversations
Crime Chronicles 405,Gaming,Guides and useful strategies
Crime Chronicles 406,Technology,Fun and engaging conversations
Digital Marketing Hub 407,Education,Guides and useful strategies
Food Lovers 408,Comedy,Educational and informative content
Digital Marketing Hub 409,Health,Insights and discussions on latest trends
Food Lovers 410,Education,Guides and useful strategies
Book Talks 411,Food,Guides and useful strategies
Book Talks 412,Science,Expert interviews and deep dives
Mindfulness Podcast 413,Technology,Guides and useful strategies
Crime Chronicles 414,Travel,Educational and informative content
Crime Chronicles 415,Self Help,Tips and practical knowledge
Crime Chronicles 416,Education,Expert interviews and deep dives
History Uncovered 417,Travel,Expert interviews and deep dives
History Uncovered 418,Education,Insights and discussions on latest trends
Gaming World 419,Gaming,Expert interviews and deep dives
Mindfulness Podcast 420,Entertainment,Expert interviews and deep dives
Career Guide 421,Sports,Expert interviews and deep dives
Space Explorers 422,Business,Guides and useful strategies
Movie Buffs 423,Wellness,Insights and discussions on latest trends
Sports Arena 424,Entertainment,Stories and real world experiences
Tech Talks 425,Comedy,Latest updates and analysis
Space Explorers 426,Sports,Fun and engaging conversations
AI Insights 427,Travel,Educational and informative content
Digital Marketing Hub 428,Self Help,Stories and real world experiences
Tech Talks 429,Travel,Expert interviews and deep dives
Gaming World 430,Comedy,Latest updates and analysis
History Uncovered 431,Travel,Insights and discussions on latest trends
Career Guide 432,Health,Educational and informative content
Mindfulness Podcast 433,Entertainment,Latest updates and analysis
Book Talks 434,Travel,Tips and practical knowledge
Tech Talks 435,True Crime,Fun and engaging conversations
Health Matters 436,Health,Guides and useful strategies
Movie Buffs 437,Food,Expert interviews and deep dives
Space Explorers 438,Entertainment,Educational and informative content
Comedy Nights 439,Wellness,Educational and informative content
History Uncovered 440,Wellness,Insights and discussions on latest trends
Science Weekly 441,History,Insights and discussions on latest trends
AI Insights 442,Technology,Fun and engaging conversations
Space Explorers 443,Entertainment,Tips and practical knowledge
Crime Chronicles 444,Wellness,Insights and discussions on latest trends
Sports Arena 445,Business,Guides and useful strategies
Comedy Nights 446,Sports,Guides and useful strategies
Tech Talks 447,Travel,Insights and discussions on latest trends
Startup Stories 448,Wellness,Expert interviews and deep dives
Crime Chronicles 449,Education,Tips and practical knowledge
History Uncovered 450,Finance,Tips and practical knowledge
Health Matters 451,Science,Insights and discussions on latest trends
Book Talks 452,Business,Guides and useful strategies
History Uncovered 453,Education,Insights and discussions on latest trends
Digital Marketing Hub 454,Travel,Tips and practical knowledge
Food Lovers 455,Sports,Expert interviews and deep dives
Health Matters 456,Marketing,Latest updates and analysis
Digital Marketing Hub 457,Marketing,Guides and useful strategies
Travel Diaries 458,Technology,Stories and real world experiences
Startup Stories 459,Education,Latest updates and analysis
Science Weekly 460,Wellness,Stories and real world experiences
Food Lovers 461,True Crime,Latest updates and analysis
Travel Diaries 462,Gaming,Expert interviews and deep dives
Startup Stories 463,History,Stories and real world experiences
Finance Simplified 464,Food,Fun and engaging conversations
Food Lovers 465,Technology,Expert interviews and deep dives
Sports Arena 466,Health,Fun and engaging conversations
Career Guide 467,True Crime,Tips and practical knowledge
Travel Diaries 468,Sports,Guides and useful strategies
Comedy Nights 469,Food,Guides and useful strategies
Science Weekly 470,Finance,Fun and engaging conversations
Startup Stories 471,Food,Tips and practical knowledge
Crime Chronicles 472,Self Help,Stories and real world experiences
Health Matters 473,Health,Educational and informative content
Health Matters 474,Comedy,Educational and informative content
Digital Marketing Hub 475,Self Help,Guides and useful strategies
Movie Buffs 476,Marketing,Tips and practical knowledge
Food Lovers 477,Education,Educational and informative content
Mindfulness Podcast 478,Food,Stories and real world experiences
Sports Arena 479,Sports,Stories and real world experiences
Travel Diaries 480,Travel,Tips and practical knowledge
Tech Talks 481,Finance,Expert interviews and deep dives
Movie Buffs 482,Food,Expert interviews and deep dives
Comedy Nights 483,True Crime,Insights and discussions on latest trends
AI Insights 484,Comedy,Insights and discussions on latest trends
Travel Diaries 485,Finance,Latest updates and analysis
Crime Chronicles 486,Business,Expert interviews and deep dives
Food Lovers 487,Entertainment,Tips and practical knowledge
Sports Arena 488,Health,Fun and engaging conversations
History Uncovered 489,Finance,Expert interviews and deep dives
Space Explorers 490,Entertainment,Educational and informative content
Health Matters 491,Sports,Guides and useful strategies
Comedy Nights 492,Marketing,Insights and discussions on latest trends
Travel Diaries 493,Marketing,Educational and informative content
Gaming World 494,Self Help,Expert interviews and deep dives
Movie Buffs 495,History,Insights and discussions on latest trends
Health Matters 496,Gaming,Guides and useful strategies
Startup Stories 497,Marketing,Expert interviews and deep dives
Book Talks 498,Business,Expert interviews and deep dives
Book Talks 499,True Crime,Expert interviews and deep dives
Tech Talks 500,Technology,Insights and discussions on latest trends
Startup Stories 501,Food,Guides and useful strategies
Finance Simplified 502,Food,Tips and practical knowledge
Crime Chronicles 503,Marketing,Guides and useful strategies
Comedy Nights 504,Food,Guides and useful strategies
Travel Diaries 505,Comedy,Stories and real world experiences
Book Talks 506,Self Help,Tips and practical knowledge
Movie Buffs 507,Comedy,Guides and useful strategies
Book Talks 508,Sports,Expert interviews and deep dives
Digital Marketing Hub 509,History,Educational and informative content
Gaming World 510,Sports,Stories and real world experiences
Comedy Nights 511,Food,Expert interviews and deep dives
Book Talks 512,Gaming,Insights and discussions on latest trends
Movie Buffs 513,Technology,Stories and real world experiences
Space Explorers 514,Technology,Fun and engaging conversations
Finance Simplified 515,Self Help,Educational and informative content
History Uncovered 516,History,Latest updates and analysis
Sports Arena 517,Food,Stories and real world experiences
Sports Arena 518,Business,Stories and real world experiences
Career Guide 519,Sports,Stories and real world experiences
Travel Diaries 520,Entertainment,Guides and useful strategies
Motivation Daily 521,Health,Fun and engaging conversations
Food Lovers 522,Sports,Latest updates and analysis
Health Matters 523,Self Help,Educational and informative content
Travel Diaries 524,Comedy,Latest updates and analysis
Science Weekly 525,Gaming,Latest updates and analysis
Startup Stories 526,Wellness,Guides and useful strategies
History Uncovered 527,Comedy,Fun and engaging conversations
Movie Buffs 528,Technology,Educational and informative content
Career Guide 529,Gaming,Fun and engaging conversations
Health Matters 530,True Crime,Tips and practical knowledge
AI Insights 531,Science,Tips and practical knowledge
Crime Chronicles 532,Education,Latest updates and analysis
Health Matters 533,Education,Expert interviews and deep dives
Career Guide 534,Wellness,Insights and discussions on latest trends
Gaming World 535,Education,Educational and informative content
Crime Chronicles 536,Sports,Insights and discussions on latest trends
Motivation Daily 537,Health,Tips and practical knowledge
Health Matters 538,History,Guides and useful strategies
Crime Chronicles 539,Travel,Expert interviews and deep dives
Career Guide 540,Technology,Insights and discussions on latest trends
Travel Diaries 541,Entertainment,Guides and useful strategies
Mindfulness Podcast 542,Food,Fun and engaging conversations
Travel Diaries 543,Travel,Tips and practical knowledge
Tech Talks 544,Science,Latest updates and analysis
Mindfulness Podcast 545,Gaming,Latest updates and analysis
Startup Stories 546,Entertainment,Latest updates and analysis
Digital Marketing Hub 547,Science,Latest updates and analysis
Travel Diaries 548,Health,Guides and useful strategies
Mindfulness Podcast 549,Business,Educational and informative content
Career Guide 550,Technology,Fun and engaging conversations
Health Matters 551,Technology,Tips and practical knowledge
Science Weekly 552,Food,Educational and informative content
Career Guide 553,Technology,Tips and practical knowledge
Travel Diaries 554,Education,Educational and informative content
Finance Simplified 555,Wellness,Fun and engaging conversations
Space Explorers 556,Health,Expert interviews and deep dives
Finance Simplified 557,Self Help,Fun and engaging conversations
Movie Buffs 558,Travel,Stories and real world experiences
Crime Chronicles 559,History,Insights and discussions on latest trends
Tech Talks 560,Entertainment,Latest updates and analysis
Comedy Nights 561,History,Educational and informative content
Finance Simplified 562,Marketing,Stories and real world experiences
Sports Arena 563,Education,Fun and engaging conversations
Sports Arena 564,Entertainment,Guides and useful strategies
Gaming World 565,Finance,Expert interviews and deep dives
Health Matters 566,Business,Stories and real world experiences
Tech Talks 567,Science,Guides and useful strategies
Career Guide 568,Wellness,Stories and real world experiences
Gaming World 569,Wellness,Fun and engaging conversations
Comedy Nights 570,Business,Stories and real world experiences
AI Insights 571,True Crime,Latest updates and analysis
Crime Chronicles 572,Gaming,Stories and real world experiences
Movie Buffs 573,Marketing,Guides and useful strategies
Finance Simplified 574,Food,Latest updates and analysis
Sports Arena 575,Gaming,Insights and discussions on latest trends
Food Lovers 576,Science,Insights and discussions on latest trends
Movie Buffs 577,True Crime,Insights and discussions on latest trends
Food Lovers 578,Comedy,Latest updates and analysis
Career Guide 579,Finance,Fun and engaging conversations
Space Explorers 580,Gaming,Insights and discussions on latest trends
Travel Diaries 581,Sports,Stories and real world experiences
Space Explorers 582,Travel,Expert interviews and deep dives
Science Weekly 583,Finance,Expert interviews and deep dives
Digital Marketing Hub 584,Sports,Tips and practical knowledge
Health Matters 585,Food,Guides and useful strategies
Sports Arena 586,Self Help,Guides and useful strategies
Science Weekly 587,Comedy,Expert interviews and deep dives
Travel Diaries 588,Sports,Guides and useful strategies
Travel Diaries 589,Health,Insights and discussions on latest trends
Travel Diaries 590,Gaming,Tips and practical knowledge
Sports Arena 591,Marketing,Guides and useful strategies
Startup Stories 592,Sports,Insights and discussions on latest trends
Comedy Nights 593,Entertainment,Fun and engaging conversations
Finance Simplified 594,Education,Educational and informative content
Tech Talks 595,Finance,Fun and engaging conversations
Science Weekly 596,Marketing,Guides and useful strategies
Career Guide 597,Technology,Tips and practical knowledge
Space Explorers 598,Finance,Guides and useful strategies
Motivation Daily 599,Gaming,Educational and informative content
Book Talks 600,Self Help,Educational and informative content
Mindfulness Podcast 601,Marketing,Insights and discussions on latest trends
Health Matters 602,Travel,Expert interviews and deep dives
Comedy Nights 603,History,Stories and real world experiences
Crime Chronicles 604,True Crime,Latest updates and analysis
Sports Arena 605,Comedy,Tips and practical knowledge
Digital Marketing Hub 606,Business,Tips and practical knowledge
History Uncovered 607,Health,Latest updates and analysis
Book Talks 608,Education,Guides and useful strategies
Food Lovers 609,Science,Tips and practical knowledge
History Uncovered 610,Gaming,Fun and engaging conversations
Digital Marketing Hub 611,Wellness,Insights and discussions on latest trends
Health Matters 612,Entertainment,Tips and practical knowledge
Tech Talks 613,History,Fun and engaging conversations
Career Guide 614,Comedy,Stories and real world experiences
Comedy Nights 615,Entertainment,Stories and real world experiences
Mindfulness Podcast 616,Comedy,Educational and informative content
Food Lovers 617,Gaming,Guides and useful strategies
Career Guide 618,Sports,Stories and real world experiences
Motivation Daily 619,Gaming,Fun and engaging conversations
AI Insights 620,Sports,Tips and practical knowledge
Finance Simplified 621,Wellness,Guides and useful strategies
Movie Buffs 622,Entertainment,Insights and discussions on latest trends
Travel Diaries 623,Science,Expert interviews and deep dives
Science Weekly 624,Health,Guides and useful strategies
Mindfulness Podcast 625,History,Tips and practical knowledge
Motivation Daily 626,Technology,Fun and engaging conversations
Food Lovers 627,Wellness,Stories and real world experiences
Crime Chronicles 628,Finance,Expert interviews and deep dives
Sports Arena 629,Business,Guides and useful strategies
Crime Chronicles 630,Gaming,Fun and engaging conversations
Startup Stories 631,Health,Stories and real world experiences
Mindfulness Podcast 632,Travel,Insights and discussions on latest trends
Book Talks 633,Travel,Guides and useful strategies
Sports Arena 634,True Crime,Tips and practical knowledge
History Uncovered 635,Self Help,Tips and practical knowledge
Mindfulness Podcast 636,Comedy,Guides and useful strategies
Career Guide 637,Science,Fun and engaging conversations
Finance Simplified 638,Gaming,Insights and discussions on latest trends
Science Weekly 639,History,Guides and useful strategies
Motivation Daily 640,Sports,Fun and engaging conversations
Space Explorers 641,Gaming,Expert interviews and deep dives
Travel Diaries 642,Technology,Guides and useful strategies
AI Insights 643,Travel,Insights and discussions on latest trends
Science Weekly 644,Marketing,Latest updates and analysis
Crime Chronicles 645,Travel,Insights and discussions on latest trends
Career Guide 646,Science,Latest updates and analysis
Startup Stories 647,Technology,Insights and discussions on latest trends
Mindfulness Podcast 648,Finance,Stories and real world experiences
Food Lovers 649,Technology,Fun and engaging conversations
Mindfulness Podcast 650,True Crime,Expert interviews and deep dives
Tech Talks 651,Food,Fun and engaging conversations
Motivation Daily 652,Technology,Tips and practical knowledge
Food Lovers 653,Wellness,Educational and informative content
Crime Chronicles 654,Travel,Educational and informative content
Finance Simplified 655,History,Educational and informative content
Food Lovers 656,Technology,Educational and informative content
Finance Simplified 657,Wellness,Guides and useful strategies
Crime Chronicles 658,Wellness,Insights and discussions on latest trends
Health Matters 659,Self Help,Fun and engaging conversations
Travel Diaries 660,Wellness,Guides and useful strategies
AI Insights 661,Science,Insights and discussions on latest trends
Book Talks 662,Business,Insights and discussions on latest trends
Science Weekly 663,Gaming,Guides and useful strategies
Comedy Nights 664,Education,Tips and practical knowledge
Comedy Nights 665,Sports,Educational and informative content
AI Insights 666,Food,Educational and informative content
Science Weekly 667,Marketing,Insights and discussions on latest trends
Travel Diaries 668,Comedy,Expert interviews and deep dives
Space Explorers 669,Gaming,Guides and useful strategies
Food Lovers 670,History,Fun and engaging conversations
Startup Stories 671,History,Tips and practical knowledge
AI Insights 672,Marketing,Expert interviews and deep dives
Startup Stories 673,Finance,Insights and discussions on latest trends
Mindfulness Podcast 674,History,Guides and useful strategies
Health Matters 675,Health,Stories and real world experiences
Digital Marketing Hub 676,Technology,Latest updates and analysis
Finance Simplified 677,Travel,Insights and discussions on latest trends
Finance Simplified 678,Marketing,Stories and real world experiences
Health Matters 679,Self Help,Fun and engaging conversations
Digital Marketing Hub 680,Business,Insights and discussions on latest trends
AI Insights 681,True Crime,Tips and practical knowledge
Career Guide 682,Food,Tips and practical knowledge
Book Talks 683,Science,Stories and real world experiences
Finance Simplified 684,Comedy,Latest updates and analysis
Comedy Nights 685,Sports,Tips and practical knowledge
Motivation Daily 686,Sports,Educational and informative content
Comedy Nights 687,Food,Expert interviews and deep dives
Science Weekly 688,True Crime,Fun and engaging conversations
Gaming World 689,Technology,Tips and practical knowledge
AI Insights 690,Marketing,Stories and real world experiences
Book Talks 691,Gaming,Guides and useful strategies
Tech Talks 692,Wellness,Latest updates and analysis
Mindfulness Podcast 693,Entertainment,Stories and real world experiences
Travel Diaries 694,Finance,Stories and real world experiences
Book Talks 695,Sports,Latest updates and analysis
Crime Chronicles 696,Wellness,Fun and engaging conversations
Book Talks 697,Wellness,Latest updates and analysis
Startup Stories 698,Gaming,Tips and practical knowledge
Sports Arena 699,Finance,Insights and discussions on latest trends
Tech Talks 700,Wellness,Fun and engaging conversations
Digital Marketing Hub 701,Entertainment,Insights and discussions on latest trends
Sports Arena 702,Education,Tips and practical knowledge
Book Talks 703,True Crime,Guides and useful strategies
Space Explorers 704,Comedy,Fun and engaging conversations
Startup Stories 705,Health,Latest updates and analysis
Book Talks 706,History,Tips and practical knowledge
Motivation Daily 707,Wellness,Expert interviews and deep dives
History Uncovered 708,Finance,Tips and practical knowledge
Gaming World 709,Wellness,Stories and real world experiences
Health Matters 710,History,Tips and practical knowledge
Gaming World 711,Technology,Insights and discussions on latest trends
Sports Arena 712,Gaming,Educational and informative content
Space Explorers 713,Business,Fun and engaging conversations
Science Weekly 714,Food,Guides and useful strategies
Book Talks 715,Travel,Fun and engaging conversations
Finance Simplified 716,History,Latest updates and analysis
AI Insights 717,True Crime,Guides and useful strategies
Crime Chronicles 718,Marketing,Expert interviews and deep dives
Science Weekly 719,Wellness,Expert interviews and deep dives
Travel Diaries 720,Education,Educational and informative content
Finance Simplified 721,Entertainment,Tips and practical knowledge
Science Weekly 722,Travel,Guides and useful strategies
AI Insights 723,Food,Guides and useful strategies
Digital Marketing Hub 724,Finance,Tips and practical knowledge
Comedy Nights 725,Self Help,Fun and engaging conversations
Space Explorers 726,Technology,Stories and real world experiences
Motivation Daily 727,Travel,Expert interviews and deep dives
Career Guide 728,Entertainment,Expert interviews and deep dives
Travel Diaries 729,Education,Guides and useful strategies
Space Explorers 730,Education,Fun and engaging conversations
Science Weekly 731,True Crime,Guides and useful strategies
Finance Simplified 732,Food,Insights and discussions on latest trends
Movie Buffs 733,Business,Educational and informative content
AI Insights 734,Entertainment,Latest updates and analysis
Crime Chronicles 735,Wellness,Educational and informative content
Crime Chronicles 736,Health,Insights and discussions on latest trends
Crime Chronicles 737,Science,Insights and discussions on latest trends
Finance Simplified 738,Gaming,Expert interviews and deep dives
Startup Stories 739,History,Tips and practical knowledge
Comedy Nights 740,Sports,Insights and discussions on latest trends
Travel Diaries 741,Food,Expert interviews and deep dives
Finance Simplified 742,Education,Latest updates and analysis
Digital Marketing Hub 743,Wellness,Fun and engaging conversations
Comedy Nights 744,Food,Educational and informative content
Gaming World 745,Technology,Guides and useful strategies
Career Guide 746,Self Help,Guides and useful strategies
Health Matters 747,Science,Stories and real world experiences
Book Talks 748,Entertainment,Expert interviews and deep dives
Travel Diaries 749,Health,Guides and useful strategies
AI Insights 750,True Crime,Fun and engaging conversations
Crime Chronicles 751,True Crime,Guides and useful strategies
Health Matters 752,Finance,Expert interviews and deep dives
Crime Chronicles 753,Business,Fun and engaging conversations
Science Weekly 754,Science,Guides and useful strategies
Crime Chronicles 755,Sports,Latest updates and analysis
History Uncovered 756,Food,Guides and useful strategies
Gaming World 757,Business,Stories and real world experiences
History Uncovered 758,Sports,Fun and engaging conversations
Health Matters 759,Self Help,Stories and real world experiences
Tech Talks 760,Business,Tips and practical knowledge
Mindfulness Podcast 761,Gaming,Tips and practical knowledge
Space Explorers 762,Food,Fun and engaging conversations
Movie Buffs 763,Entertainment,Insights and discussions on latest trends
Tech Talks 764,True Crime,Stories and real world experiences
Sports Arena 765,Health,Insights and discussions on latest trends
AI Insights 766,Entertainment,Guides and useful strategies
Digital Marketing Hub 767,History,Insights and discussions on latest trends
Tech Talks 768,Technology,Latest updates and analysis
Motivation Daily 769,Gaming,Insights and discussions on latest trends
Science Weekly 770,Health,Latest updates and analysis
Book Talks 771,Marketing,Tips and practical knowledge
Sports Arena 772,Science,Insights and discussions on latest trends
Digital Marketing Hub 773,Health,Guides and useful strategies
Food Lovers 774,Food,Tips and practical knowledge
Space Explorers 775,Wellness,Insights and discussions on latest trends
Space Explorers 776,Sports,Fun and engaging conversations
Sports Arena 777,Gaming,Stories and real world experiences
Comedy Nights 778,Finance,Insights and discussions on latest trends
Book Talks 779,Wellness,Fun and engaging conversations
Sports Arena 780,Comedy,Latest updates and analysis
Finance Simplified 781,Wellness,Educational and informative content
Motivation Daily 782,Business,Insights and discussions on latest trends
Book Talks 783,Health,Insights and discussions on latest trends
Finance Simplified 784,Gaming,Guides and useful strategies
Movie Buffs 785,Science,Insights and discussions on latest trends
Gaming World 786,True Crime,Tips and practical knowledge
Tech Talks 787,Sports,Guides and useful strategies
Digital Marketing Hub 788,Marketing,Stories and real world experiences
Comedy Nights 789,Finance,Tips and practical knowledge
Sports Arena 790,Entertainment,Guides and useful strategies
Sports Arena 791,Science,Stories and real world experiences
Tech Talks 792,Business,Latest updates and analysis
Book Talks 793,Travel,Educational and informative content
Tech Talks 794,Comedy,Educational and informative content
Digital Marketing Hub 795,History,Tips and practical knowledge
Book Talks 796,Entertainment,Fun and engaging conversations
Movie Buffs 797,True Crime,Latest updates and analysis
Motivation Daily 798,Self Help,Fun and engaging conversations
Sports Arena 799,Food,Expert interviews and deep dives
Sports Arena 800,Comedy,Guides and useful strategies
Mindfulness Podcast 801,History,Insights and discussions on latest trends
Finance Simplified 802,Marketing,Educational and informative content
AI Insights 803,Wellness,Latest updates and analysis
Travel Diaries 804,True Crime,Tips and practical knowledge
Mindfulness Podcast 805,Entertainment,Educational and informative content
Book Talks 806,Wellness,Fun and engaging conversations
Career Guide 807,Finance,Guides and useful strategies
Crime Chronicles 808,Finance,Latest updates and analysis
Gaming World 809,Health,Guides and useful strategies
Career Guide 810,Technology,Insights and discussions on latest trends
Tech Talks 811,Gaming,Insights and discussions on latest trends
Gaming World 812,True Crime,Stories and real world experiences
Comedy Nights 813,Science,Insights and discussions on latest trends
Book Talks 814,True Crime,Fun and engaging conversations
Travel Diaries 815,Entertainment,Fun and engaging conversations
Comedy Nights 816,Finance,Stories and real world experiences
Finance Simplified 817,Food,Latest updates and analysis
Digital Marketing Hub 818,Education,Insights and discussions on latest trends
Career Guide 819,Education,Guides and useful strategies
Comedy Nights 820,Technology,Latest updates and analysis
Health Matters 821,Travel,Guides and useful strategies
Book Talks 822,History,Stories and real world experiences
Crime Chronicles 823,Finance,Insights and discussions on latest trends
AI Insights 824,Comedy,Guides and useful strategies
History Uncovered 825,True Crime,Fun and engaging conversations
Travel Diaries 826,Comedy,Educational and informative content
Digital Marketing Hub 827,Sports,Insights and discussions on latest trends
Travel Diaries 828,Food,Tips and practical knowledge
Digital Marketing Hub 829,Wellness,Tips and practical knowledge
Sports Arena 830,Gaming,Insights and discussions on latest trends
Finance Simplified 831,History,Fun and engaging conversations
Space Explorers 832,Sports,Insights and discussions on latest trends
Crime Chronicles 833,Entertainment,Educational and informative content
Comedy Nights 834,Technology,Insights and discussions on latest trends
Startup Stories 835,Entertainment,Insights and discussions on latest trends
Crime Chronicles 836,Health,Expert interviews and deep dives
Digital Marketing Hub 837,Technology,Guides and useful strategies
Book Talks 838,Self Help,Stories and real world experiences
Motivation Daily 839,Comedy,Tips and practical knowledge
Health Matters 840,Education,Expert interviews and deep dives
Motivation Daily 841,Wellness,Tips and practical knowledge
Travel Diaries 842,Business,Insights and discussions on latest trends
Food Lovers 843,Technology,Tips and practical knowledge
Book Talks 844,Gaming,Educational and informative content
Travel Diaries 845,Education,Latest updates and analysis
Finance Simplified 846,History,Educational and informative content
Sports Arena 847,Entertainment,Guides and useful strategies
Career Guide 848,Travel,Stories and real world experiences
Crime Chronicles 849,Health,Guides and useful strategies
Tech Talks 850,Self Help,Fun and engaging conversations
Motivation Daily 851,True Crime,Fun and engaging conversations
Finance Simplified 852,Sports,Expert interviews and deep dives
Gaming World 853,Travel,Fun and engaging conversations
Motivation Daily 854,Finance,Expert interviews and deep dives
Book Talks 855,Sports,Educational and informative content
Mindfulness Podcast 856,Science,Insights and discussions on latest trends
Gaming World 857,Technology,Insights and discussions on latest trends
Crime Chronicles 858,Gaming,Latest updates and analysis
Finance Simplified 859,Food,Guides and useful strategies
Finance Simplified 860,Health,Tips and practical knowledge
Crime Chronicles 861,True Crime,Educational and informative content
Science Weekly 862,Gaming,Educational and informative content
Motivation Daily 863,Self Help,Educational and informative content
Science Weekly 864,Finance,Stories and real world experiences
Career Guide 865,Finance,Guides and useful strategies
Space Explorers 866,Entertainment,Fun and engaging conversations
Finance Simplified 867,Gaming,Latest updates and analysis
Mindfulness Podcast 868,Business,Tips and practical knowledge
Crime Chronicles 869,Wellness,Insights and discussions on latest trends
Science Weekly 870,Science,Tips and practical knowledge
Startup Stories 871,Business,Tips and practical knowledge
Digital Marketing Hub 872,Business,Expert interviews and deep dives
Travel Diaries 873,Food,Latest updates and analysis
Sports Arena 874,Travel,Latest updates and analysis
Travel Diaries 875,Gaming,Latest updates and analysis
Startup Stories 876,Wellness,Latest updates and analysis
Book Talks 877,Entertainment,Stories and real world experiences
Digital Marketing Hub 878,Finance,Insights and discussions on latest trends
Health Matters 879,Gaming,Insights and discussions on latest trends
History Uncovered 880,Gaming,Insights and discussions on latest trends
History Uncovered 881,Education,Insights and discussions on latest trends
Sports Arena 882,Health,Fun and engaging conversations
Comedy Nights 883,Sports,Latest updates and analysis
Travel Diaries 884,Marketing,Latest updates and analysis
Mindfulness Podcast 885,Entertainment,Latest updates and analysis
Food Lovers 886,True Crime,Tips and practical knowledge
AI Insights 887,Sports,Fun and engaging conversations
Movie Buffs 888,Gaming,Expert interviews and deep dives
Digital Marketing Hub 889,Health,Expert interviews and deep dives
Food Lovers 890,Travel,Insights and discussions on latest trends
Startup Stories 891,Finance,Insights and discussions on latest trends
Motivation Daily 892,History,Educational and informative content
Science Weekly 893,Technology,Guides and useful strategies
Food Lovers 894,Entertainment,Expert interviews and deep dives
Science Weekly 895,Marketing,Insights and discussions on latest trends
Finance Simplified 896,History,Tips and practical knowledge
Travel Diaries 897,Finance,Latest updates and analysis
Gaming World 898,Travel,Expert interviews and deep dives
History Uncovered 899,Business,Expert interviews and deep dives
Digital Marketing Hub 900,Finance,Expert interviews and deep dives
Comedy Nights 901,Finance,Expert interviews and deep dives
Science Weekly 902,Travel,Educational and informative content
Tech Talks 903,Food,Expert interviews and deep dives
Motivation Daily 904,Self Help,Stories and real world experiences
History Uncovered 905,History,Expert interviews and deep dives
Mindfulness Podcast 906,Self Help,Fun and engaging conversations
AI Insights 907,True Crime,Educational and informative content
Crime Chronicles 908,Wellness,Fun and engaging conversations
Science Weekly 909,Comedy,Insights and discussions on latest trends
Tech Talks 910,Marketing,Guides and useful strategies
Book Talks 911,Business,Stories and real world experiences
Food Lovers 912,History,Tips and practical knowledge
Startup Stories 913,Travel,Tips and practical knowledge
Health Matters 914,Health,Expert interviews and deep dives
Finance Simplified 915,Food,Educational and informative content
Sports Arena 916,Food,Expert interviews and deep dives
Movie Buffs 917,Sports,Fun and engaging conversations
Finance Simplified 918,Comedy,Guides and useful strategies
Motivation Daily 919,Business,Stories and real world experiences
Mindfulness Podcast 920,Sports,Guides and useful strategies
Digital Marketing Hub 921,Education,Guides and useful strategies
Health Matters 922,Health,Latest updates and analysis
Startup Stories 923,Health,Educational and informative content
Travel Diaries 924,Marketing,Latest updates and analysis
Book Talks 925,Health,Educational and informative content
Book Talks 926,Self Help,Expert interviews and deep dives
Career Guide 927,Finance,Tips and practical knowledge
Movie Buffs 928,Travel,Educational and informative content
Science Weekly 929,Health,Expert interviews and deep dives
History Uncovered 930,Wellness,Insights and discussions on latest trends
Science Weekly 931,True Crime,Stories and real world experiences
Digital Marketing Hub 932,Business,Fun and engaging conversations
Book Talks 933,Self Help,Fun and engaging conversations
History Uncovered 934,Entertainment,Guides and useful strategies
History Uncovered 935,Education,Stories and real world experiences
Gaming World 936,True Crime,Stories and real world experiences
Health Matters 937,Comedy,Tips and practical knowledge
Crime Chronicles 938,History,Tips and practical knowledge
Sports Arena 939,Finance,Expert interviews and deep dives
AI Insights 940,Self Help,Tips and practical knowledge
History Uncovered 941,Self Help,Stories and real world experiences
History Uncovered 942,Wellness,Guides and useful strategies
Health Matters 943,Technology,Insights and discussions on latest trends
Career Guide 944,Finance,Guides and useful strategies
Mindfulness Podcast 945,Health,Guides and useful strategies
Science Weekly 946,Health,Guides and useful strategies
Motivation Daily 947,Business,Educational and informative content
AI Insights 948,Science,Tips and practical knowledge
Gaming World 949,Technology,Stories and real world experiences
Finance Simplified 950,Health,Latest updates and analysis
Crime Chronicles 951,Self Help,Tips and practical knowledge
Digital Marketing Hub 952,Self Help,Fun and engaging conversations
AI Insights 953,Sports,Tips and practical knowledge
History Uncovered 954,Education,Insights and discussions on latest trends
History Uncovered 955,Food,Tips and practical knowledge
Startup Stories 956,Marketing,Fun and engaging conversations
Mindfulness Podcast 957,Entertainment,Expert interviews and deep dives
Science Weekly 958,Education,Guides and useful strategies
Comedy Nights 959,Business,Stories and real world experiences
Space Explorers 960,Self Help,Stories and real world experiences
Mindfulness Podcast 961,Sports,Stories and real world experiences
Book Talks 962,Business,Tips and practical knowledge
Comedy Nights 963,Sports,Fun and engaging conversations
Travel Diaries 964,Gaming,Latest updates and analysis
Comedy Nights 965,Sports,Expert interviews and deep dives
Motivation Daily 966,Entertainment,Latest updates and analysis
Book Talks 967,Business,Fun and engaging conversations
Digital Marketing Hub 968,Education,Educational and informative content
Sports Arena 969,Finance,Guides and useful strategies
Space Explorers 970,Gaming,Insights and discussions on latest trends
Gaming World 971,True Crime,Insights and discussions on latest trends
Movie Buffs 972,Health,Guides and useful strategies
AI Insights 973,Health,Fun and engaging conversations
Science Weekly 974,Self Help,Tips and practical knowledge
Movie Buffs 975,Education,Latest updates and analysis
Gaming World 976,Finance,Latest updates and analysis
Food Lovers 977,Finance,Guides and useful strategies
Science Weekly 978,True Crime,Guides and useful strategies
Startup Stories 979,History,Educational and informative content
Mindfulness Podcast 980,Business,Tips and practical knowledge
Space Explorers 981,Wellness,Expert interviews and deep dives
Book Talks 982,History,Expert interviews and deep dives
Digital Marketing Hub 983,Marketing,Expert interviews and deep dives
Motivation Daily 984,Business,Expert interviews and deep dives
AI Insights 985,Food,Tips and practical knowledge
Health Matters 986,Business,Fun and engaging conversations
History Uncovered 987,Wellness,Guides and useful strategies
Book Talks 988,Travel,Educational and informative content
Science Weekly 989,Gaming,Expert interviews and deep dives
Digital Marketing Hub 990,Technology,Stories and real world experiences
Movie Buffs 991,Travel,Tips and practical knowledge
Sports Arena 992,Self Help,Guides and useful strategies
Health Matters 993,Business,Insights and discussions on latest trends
Mindfulness Podcast 994,Self Help,Tips and practical knowledge
Mindfulness Podcast 995,Health,Latest updates and analysis
Health Matters 996,Sports,Insights and discussions on latest trends
Career Guide 997,Sports,Stories and real world experiences
Motivation Daily 998,Health,Insights and discussions on latest trends
